Najpopularniejsze strony,Kliknięcia,Wyświetlenia,CTR,Pozycja
https://www.calmasounds.com/white-noise-app,0,283,0%,34.26
https://www.calmasounds.com/blog/brown-noise-vs-white-noise-vs-pink-noise,0,234,0%,66.68
https://www.calmasounds.com/blog/best-sounds-for-sleep,0,155,0%,67.08
https://www.calmasounds.com/tinnitus-sounds-app,0,117,0%,39.15
https://www.calmasounds.com/blog/white-noise-for-sleep,0,116,0%,52.17
https://www.calmasounds.com/blog/sounds-for-tinnitus-relief,0,64,0%,35.64
https://www.calmasounds.com/sleep-sounds-app,0,49,0%,23.69
https://www.calmasounds.com/blog/best-sounds-for-studying,0,48,0%,38.35
https://www.calmasounds.com/brown-noise-app,0,37,0%,30.59
https://www.calmasounds.com/blog/rain-sounds-vs-white-noise,0,33,0%,12.91
https://www.calmasounds.com/blog/best-color-noise-for-adhd,0,17,0%,64.65
https://www.calmasounds.com/focus-sounds-app,0,14,0%,20.79
https://www.calmasounds.com/blog/rain-sounds-for-better-sleep-and-focus,0,7,0%,48.86
https://www.calmasounds.com/blog/binaural-beats-for-sleep-and-focus,0,7,0%,55.43
https://www.calmasounds.com/es/blog/mejores-sonidos-para-dormir,0,6,0%,43.5
https://www.calmasounds.com/pt-BR/blog/ruido-marrom-vs-branco-vs-rosa,0,5,0%,76.8
https://www.calmasounds.com/,0,4,0%,32.75
https://www.calmasounds.com/relaxing-sounds,0,4,0%,39.25
https://www.calmasounds.com/sound-mixer-app,0,3,0%,16
https://www.calmasounds.com/es/blog/green-noise-for-sleep,0,3,0%,19.33
https://www.calmasounds.com/nature-sounds-app,0,3,0%,21
https://www.calmasounds.com/blog/how-to-build-a-bedtime-routine,0,3,0%,90
https://www.calmasounds.com/es/relaxing-sounds,0,2,0%,18.5
https://www.calmasounds.com/bio,0,2,0%,57
https://www.calmasounds.com/calma-vs-bettersleep,0,2,0%,66.5
https://www.calmasounds.com/ja,0,2,0%,68.5
https://www.calmasounds.com/ja/white-noise-app,0,1,0%,14
https://www.calmasounds.com/baby-sleep-sounds-app,0,1,0%,27
https://www.calmasounds.com/calma-vs-calm,0,1,0%,70
https://www.calmasounds.com/es/blog/ruido-blanco-para-dormir,0,1,0%,82
https://www.calmasounds.com/pt-BR/blog/brown-noise-vs-white-noise-vs-pink-noise,0,1,0%,83