Keyword,Volume,Competition,Competition Score,Low Bid,High Bid
rain sounds for sleeping,1500000,LOW,25,2.07,58.73
rain noise for sleep,1500000,LOW,25,2.07,58.73
sounds of rain and thunder,4400,LOW,25,2.07,47.25
rainfall sounds,4400,LOW,25,2.06,62.68
play soothing sounds of rain,10,MEDIUM,50,0,0
rain white noise,33100,LOW,25,1.93,62.63
sounds of rain falling,3600,LOW,25,2.07,69.43
play the sound of rain,720,LOW,25,2.07,73.28
soothing rain sounds,2900,LOW,25,1.93,62.68
heavy rain sounds for sleeping,18100,LOW,25,2.07,24.11
sleep sounds rain and thunder,33100,LOW,25,2.07,24.11
rain sounds to help you sleep,480,LOW,25,2.07,62.68
rain sounds to sleep by,1300,LOW,25,2.07,73.28
rain and thunder for sleep,3600,LOW,25,2.07,58.82
sound of rain falling for sleep,10,LOW,25,2.06,2.18
play sounds of rain,260,LOW,25,2.07,73.28
rain fall sounds,480,LOW,25,2.06,85.29
rain and thunder sounds rain storm sounds,10,UNSPECIFIED,0,0,0
rain background noise,1300,LOW,25,2.06,86.78
rain audio for sleep,40,LOW,25,2.06,98.35
rainfall sounds for sleep,260,LOW,25,2.07,74.78
rain sounds for sleeping rain sound for sleeping,10,UNSPECIFIED,0,0,0
rainfall sleep sounds,1500000,LOW,25,2.07,58.73
soothing rain sounds for sleep,2900,LOW,25,2.07,58.82
free rain sleep sounds,8100,LOW,25,2.07,86.78
rain sounds audio,480,LOW,25,2.07,104.72
rain fall sounds for sleep,5400,LOW,25,2.07,69.43
play soothing rain sounds,20,MEDIUM,50,2.07,166.68
white noise sound rain,320,LOW,25,2.06,2.44
rain sounds to help sleep,110,LOW,25,2.07,125.76
rain sounds for deep sleep,2400,LOW,25,2.07,69.43
rain to fall asleep,720,LOW,25,2.06,11.57
nature sounds rain,1300,LOW,25,2.07,69.43
rain falling sounds for sleeping,1900,LOW,25,11.57,23.14
rain sounds to help with sleep,30,MEDIUM,50,2.07,86.78
sounds of rain and thunderstorms,4400,LOW,25,2.07,47.25
rainfall white noise,33100,LOW,25,1.93,62.63
10 hour rain noise,170,LOW,25,2.07,30.86
ambient rain noise,50,LOW,25,2.06,2.2
ambient sound rain,1000,LOW,25,2.07,98.35
asmr rain sleep,320,LOW,25,0,0
asmr sleep sounds rain,20,UNSPECIFIED,0,0,0
audio rain sounds,20,LOW,25,0,0
background sound rain,170,LOW,25,2.07,117.16
best rain for sleep,20,UNSPECIFIED,0,0,0
best sound of rain,110,LOW,25,2.09,139.94
best sounds of rain falling,0,UNSPECIFIED,0,0,0
best sounds of rain to fall asleep,10,UNSPECIFIED,0,0,0
calming rain for sleep,480,LOW,25,2.07,69.43
calming rain noise,320,LOW,25,2.07,35.68
calming sleep sounds rain,10,LOW,25,0,0
calming sound of rain,140,LOW,25,2.07,50.85
city rain sleep sounds,20,LOW,25,0,0
deep rain sleep,70,LOW,25,0,0
deep sleep rain sleep deep forest rain,0,UNSPECIFIED,0,0,0
deep sleep soothing rain,10,LOW,25,0,0
fall asleep to the sound of rain,40,LOW,25,2.07,72.32
fall asleep with soothing rain sounds,10,UNSPECIFIED,0,0,0
free nature sounds rain,10,LOW,25,0,0
free online rain sounds,10,LOW,25,0,0
gentle night rain for sleeping,20,LOW,25,0,0
gentle night rain sounds,10,LOW,25,0,0
gentle rain and thunder for sleeping,110,LOW,25,0,0
gentle rain for sleep,1300,LOW,25,2.07,62.68
gentle rain noise,90,LOW,25,2.07,153.3
gentle rain sleep sounds,18100,LOW,25,2.07,24.11
gentle rain sounds for sleep,18100,LOW,25,2.07,24.11
gentle rain sounds to sleep by,20,MEDIUM,50,2.07,3.86
gentle rain to sleep,50,LOW,25,0,0
gentle rain to sleep by,140,LOW,25,2.07,62.68
gentle rainfall sounds,10,LOW,25,0,0
hard rain and thunder sounds for sleeping,70,LOW,25,2.09,23.14
heavy night rain sounds,10,UNSPECIFIED,0,0,0
heavy rain and thunder sleep sounds,50,LOW,25,0,0
heavy rain and thunder sounds,1300,LOW,25,2.06,58.82
heavy rain for sleep,1900,LOW,25,2.07,23.14
heavy rain noise,260,LOW,25,2.07,62.68
heavy rain sounds at night,110,LOW,25,2.15,29.74
heavy rain sounds on tin roof,210,LOW,25,0,0
heavy rain sounds sleep,40,LOW,25,0,0
heavy rain sounds to sleep,70,LOW,25,2.07,2.44
heavy rain sounds to sleep by,20,LOW,25,0,0
heavy rain sounds youtube,50,LOW,25,2.07,2.22
heavy rain thunder sound,110,LOW,25,1.81,47.25
heavy rain thunderstorm sleep sounds,10,HIGH,75,0,0
heavy rain to sleep by,70,LOW,25,2.06,2.22
heavy rain white noise,390,LOW,25,1.81,47.25
heavy rainfall sounds,12100,LOW,25,2.07,47.25
hey google play rain noises,10,LOW,25,0,0
howling wind and rain for sleeping,50,LOW,25,2.07,47.25
light rain for sleep,590,LOW,25,2.06,70.09
light rain sleep,590,LOW,25,2.06,70.09
light rain sleep sounds,70,LOW,25,2.07,69.43
loud thunder and rain sleep sounds,10,UNSPECIFIED,0,0,0
nature sounds rain and thunder,110,LOW,25,1.82,58.82
nature sounds rain sounds,10,HIGH,75,0,0
nature sounds rain storm,20,LOW,25,2.06,69.43
nature sounds rain thunder,110,LOW,25,1.82,58.82
nature sounds soothing rain,20,LOW,25,0,0
nature sounds with rain,50,LOW,25,0,0
night rain for sleep,50,LOW,25,0,0
night rain sleep,90,LOW,25,0,0
night sounds rain,390,LOW,25,2.07,69.43
ocean rain sleep sounds,50,LOW,25,0,0
ocean waves and rain for sleep,110,LOW,25,2.07,2.09
ok google play the sound of rain,10,UNSPECIFIED,0,0,0
peaceful sounds of rain,480,LOW,25,2.06,62.68
play heavy rain sounds,50,MEDIUM,50,2.06,47.25
play rain noise,390,LOW,25,2.07,73.28
play rain sleep sounds,20,LOW,25,0,0
play rainfall sounds,30,MEDIUM,50,2.09,96.42
play sleep sounds rain,20,MEDIUM,50,2.07,86.78
play sounds of rain and thunder,10,MEDIUM,50,2.09,58.82
play sounds of the rain,10,MEDIUM,50,2.07,69.43
play the sound of rain falling,40,LOW,25,1.93,86.78
play the sound of rain on a tin roof,20,LOW,25,0,0
play the sound of the rain,30,LOW,25,2.07,86.78
rain & thunder rain sounds for sleeping,10,UNSPECIFIED,0,0,0
rain & thunder sounds for sleep,880,LOW,25,2.07,58.82
rain & thunder sounds heavy rain sounds,0,UNSPECIFIED,0,0,0
rain & thunder sounds rain and thunder sleep,20,HIGH,75,0,0
rain & thunder sounds rain sounds,260,LOW,25,2.07,58.82
rain & thunder sounds rain sounds for sleeping,10,LOW,25,0,0
rain & thunder sounds rain storm sounds,260,LOW,25,2.07,86.78
rain ambience sleep,480,LOW,25,0,0
rain and lightning sounds for sleeping,70,MEDIUM,50,0,0
rain and nature sounds for sleep,170,LOW,25,0,0
rain and ocean sounds for sleep,390,LOW,25,2.09,24.11
rain and sleep sounds,50,MEDIUM,50,2.09,73.28
rain and storm sleep sounds,10,LOW,25,0,0
rain and storm sounds for sleep,480,LOW,25,2.07,58.82
rain and thunder audio,50,LOW,25,0,0
rain and thunder for deep sleep,90,LOW,25,0,0
rain and thunder noise for sleep,90,LOW,25,2.06,58.82
rain and thunder noises,110000,LOW,25,1.84,33.75
rain and thunder sleep noise,20,LOW,25,0,0
rain and thunder sounds for deep sleep,170,LOW,25,2.09,58.82
rain and thunder sounds to help you sleep,50,LOW,25,1.81,58.82
rain and thunder sounds to sleep by,210,LOW,25,2.06,58.82
rain and thunder to help me sleep,90,LOW,25,2.06,62.68
rain and thunder to help sleep,10,MEDIUM,50,0,0
rain and thunder to help you sleep,50,LOW,25,1.81,2.22
rain and thunder to sleep,590,LOW,25,2.07,47.25
rain and thunder to sleep by,480,LOW,25,1.93,58.82
rain and thunder white noise,3600,LOW,25,1.81,47.25
rain and thunderstorm sounds for sleep,720,LOW,25,1.82,47.25
rain and thunderstorm sounds to sleep by,40,LOW,25,1.83,2.89
rain and thunderstorms to sleep by,480,LOW,25,1.93,58.82
rain and train sounds for sleeping,880,LOW,25,13.5,29.89
rain and waves sleep,10,UNSPECIFIED,0,0,0
rain and waves sounds for sleeping,480,LOW,25,13.5,20.91
rain and white noise,33100,LOW,25,1.93,62.63
rain and wind for sleeping,140,LOW,25,2.07,26.04
rain and wind sounds for sleep,2900,LOW,25,2.09,24.11
rain and wind sounds raining sounds,10,UNSPECIFIED,0,0,0
rain and wind sounds to sleep,10,LOW,25,0,0
rain asmr for sleep,110,LOW,25,0,0
rain brown noise,1600,LOW,25,17.48,24.11
rain deep sleep,1000,LOW,25,2.07,23.14
rain distant thunder sleep,40,UNSPECIFIED,0,0,0
rain drop for sleep,170,LOW,25,2.06,13.5
rain drop sleep,70,LOW,25,2.06,69.43
rain drop sounds for sleeping,2900,LOW,25,2.18,23.14
rain fall for sleep,22200,LOW,25,2.07,27
rain fall noise,60500,LOW,25,2.07,58.82
rain fall to sleep,390,LOW,25,2.07,69.43
rain falling asleep sound,10,UNSPECIFIED,0,0,0
rain falling for sleep,90,MEDIUM,50,2.07,51.88
rain falling sleep,30,LOW,25,2.06,72.32
rain falling to sleep,10,LOW,25,0,0
rain falling white noise,20,LOW,25,0,0
rain for deep sleep,590,LOW,25,2.07,36.64
rain for relaxing and sleeping,10,MEDIUM,50,2.07,31.78
rain for sleep 10 hours,480,LOW,25,2.07,24.11
rain for sleep and relaxation,1600,LOW,25,11.57,24.11
rain for sleep mp3,10,LOW,25,0,0
rain for sleep rain on window,0,UNSPECIFIED,0,0,0
rain for sleep sounds,50,MEDIUM,50,2.07,73.28
rain for sleep thunder,140,LOW,25,0,0
rain for sleep with thunder,170,LOW,25,1.81,18.32
rain for sleep youtube,720,LOW,25,2.07,2.21
rain for sleeping and relaxation deep sleep,720,UNSPECIFIED,0,12.54,23.14
rain forest sounds for sleep,18100,LOW,25,2.07,69.43
rain forest sounds to go to sleep,10,UNSPECIFIED,0,0,0
rain forest white noise,880,LOW,25,2.06,20.04
rain gentle sleep,20,MEDIUM,50,0,0
rain in forest sounds for sleeping,210,LOW,25,0,0
rain lightning and thunder sounds for sleeping,40,UNSPECIFIED,0,0,0
rain night sleep,90,LOW,25,0,0
rain night sounds for sleeping,110,MEDIUM,50,11.57,132.05
rain noise 1 hour,320,LOW,25,2.07,30.86
rain noise 10 hours,320,LOW,25,2.07,37.33
rain noise background,30,LOW,25,0,0
rain noise for sleep thunder,90,LOW,25,0,0
rain noise for sleeping free,40,LOW,25,2.07,128.84
rain noise online,10,LOW,25,0,0
rain noise thunder,1600,LOW,25,1.81,58.82
rain noise to fall asleep,140,MEDIUM,50,2.07,84.85
rain noise to help sleep,50,MEDIUM,50,2.06,62.68
rain noise to sleep by,210,LOW,25,2.07,2.89
rain noise white noise,70,LOW,25,2.08,91.88
rain noise youtube,480,LOW,25,2.07,2.16
rain noises for studying,320,LOW,25,2.07,59.68
rain noises to fall asleep to,40,MEDIUM,50,1.93,73.28
rain noises to go to sleep,110,LOW,25,2.06,86.78
rain noises to help you sleep,90,MEDIUM,50,2.07,47.25
rain noises to make you sleep,10,LOW,25,0,0
rain noises to sleep thunder,40,LOW,25,0,0
rain noises website,30,LOW,25,0,0
rain noises with thunder,320,LOW,25,2.07,25.96
rain ocean sounds for sleeping,390,LOW,25,0,0
rain on roof sounds for sleeping,1300,LOW,25,12.54,27.96
rain on the roof sounds for sleeping,20,LOW,25,0,0
rain on window for sleep,210,LOW,25,2.07,47.25
rain on window sounds for sleeping,2400,LOW,25,19.49,37.61
rain rain white noise,10,LOW,25,0,0
rain relax sleep,1600,LOW,25,11.57,24.11
rain relaxation sounds for sleeping,10,UNSPECIFIED,0,0,0
rain relaxing noise for sleep,0,UNSPECIFIED,0,0,0
rain relaxing sleep,20,LOW,25,0,0
rain roof sleep,10,LOW,25,0,0
rain sleep sounds 10 hours,40,LOW,25,0,0
rain sleep sounds thunder,70,LOW,25,0,0
rain sleep therapy,20,UNSPECIFIED,0,0,0
rain sleep thunder,2400,LOW,25,2.06,24.11
rain sleep white noise,30,LOW,25,0,0
rain sleep youtube,90,LOW,25,2.06,2.16
rain sleeping sounds thunder,70,LOW,25,0,0
rain sound and thunder for sleeping,20,LOW,25,0,0
rain sound deep sleep,2400,LOW,25,2.07,69.43
rain sound rain sound,480,LOW,25,2.06,23.66
rain sound to go to sleep,720,LOW,25,2.07,62.68
rain sound to make you sleep,110,LOW,25,2.07,58.82
rain sound white noise,33100,LOW,25,1.93,62.63
rain sounds and thunder for sleeping,720,LOW,25,1.83,23.14
rain sounds cosy rain sounds for deep sleep,10,UNSPECIFIED,0,0,0
rain sounds for good sleep,10,MEDIUM,50,0,0
rain sounds for relaxing sleep,20,LOW,25,0,0
rain sounds for sleep sleep,10,MEDIUM,50,0,0
rain sounds for sleeping audio,10,LOW,25,0,0
rain sounds for sleeping sound of rain,0,UNSPECIFIED,0,0,0
rain sounds for sleeping white noise,390,LOW,25,2.09,86.78
rain sounds help you sleep,10,LOW,25,0,0
rain sounds on window for sleeping,260,LOW,25,2.07,2.22
rain sounds rain,673000,LOW,25,2.07,47.25
rain sounds rain & thunder,10,UNSPECIFIED,0,0,0
rain sounds rain falling on a tin roof,10,UNSPECIFIED,0,0,0
rain sounds rain hitting a tin roof,10,UNSPECIFIED,0,0,0
rain sounds rain on the roof,10,UNSPECIFIED,0,0,0
rain sounds rain on tin roof sounds for sleeping,0,UNSPECIFIED,0,0,0
rain sounds rain sound,10,LOW,25,0,0
rain sounds rain sound sleeping,10,UNSPECIFIED,0,0,0
rain sounds rain sounds for sleep,110,MEDIUM,50,8.45,27.96
rain sounds that make you go to sleep,20,MEDIUM,50,0,0
rain sounds thunder for sleeping,720,LOW,25,2.07,23.14
rain sounds to go to sleep by,40,MEDIUM,50,2.07,98.35
rain sounds to go to sleep to,40,MEDIUM,50,2.06,118.85
rain sounds to help me sleep,110,LOW,25,2.06,73.28
rain sounds to help you go to sleep,40,UNSPECIFIED,0,15.59,24.11
rain sounds to make you go to sleep,40,LOW,25,2.07,2.44
rain sounds to sleep with,40,MEDIUM,50,2.06,86.78
rain sounds while sleeping,90,LOW,25,0,0
rain sounds white noise sleep,10,LOW,25,0,0
rain sounds with thunder for sleep,880,LOW,25,1.83,58.82
rain soundtrack for sleeping,10,MEDIUM,50,0,0
rain storm for sleep,8100,LOW,25,2.07,38.39
rain storm noise,60500,LOW,25,2.07,58.82
rain storm noises for sleep,20,MEDIUM,50,0,0
rain storm sleep sounds,1300,LOW,25,2.07,22.54
rain storm sound sleep,880,LOW,25,2.07,58.82
rain storm sounds for sleep,880,LOW,25,2.07,58.82
rain storm sounds to sleep,20,MEDIUM,50,0,0
rain storm to sleep,90,LOW,25,2.06,73.28
rain thunder and lightning sounds for sleep,140,LOW,25,2.06,24.11
rain thunder and nature sounds to sleep by,20,MEDIUM,50,0,0
rain thunder and ocean sounds for sleep,10,UNSPECIFIED,0,0,0
rain thunder for sleep,590,LOW,25,2.07,58.82
rain thunder lightning for sleep,30,LOW,25,2.07,2.44
rain thunder sleep,2400,LOW,25,2.06,24.11
rain thunder sounds for sleep,14800,LOW,25,2.07,24.11
rain thunder sounds for sleeping,14800,LOW,25,2.07,24.11
rain thunder sounds to sleep,10,LOW,25,0,0
rain thunder white noise,50,LOW,25,1.81,47.25
rain thunderstorm for sleep,590,LOW,25,2.07,58.82
rain thunderstorm sleep,2400,LOW,25,2.06,24.11
rain to go to sleep by,30,MEDIUM,50,2.07,71.09
rain to help me sleep,70,LOW,25,2.06,18.17
rain to help sleep,90,LOW,25,2.07,53.03
rain to sleep by on youtube,10,LOW,25,0,0
rain to sleep by youtube,50,LOW,25,2.06,2.2
rain to sleep sounds,50,MEDIUM,50,0,0
rain to sleep too,70,LOW,25,2.07,32.78
rain to sleep youtube,90,LOW,25,2.07,2.44
rain white noise for sleep,1600,LOW,25,2.07,86.78
rain white noise sleep,50,LOW,25,0,0
rain wind sounds for sleeping,110,LOW,25,0,0
rain with thunder for sleeping,110,MEDIUM,50,1.83,62.68
rain with white noise,90,LOW,25,0,0
rainfall and thunder sounds,110000,LOW,25,1.84,33.75
rainfall and thunder sounds sleep,140,LOW,25,0,0
rainfall for sleep,22200,LOW,25,2.07,27
rainfall sleep sounds of nature,10,UNSPECIFIED,0,0,0
rainfall sounds 10 hours,10,LOW,25,0,0
rainfall sounds for sleeping 3 hours,10,LOW,25,0,0
rainfall sounds sleep 1 hours,50,LOW,25,0,0
rainfall sounds to sleep by,1300,LOW,25,2.07,73.28
raining and thundering sounds to go to sleep,10,UNSPECIFIED,0,0,0
raining white noise,33100,LOW,25,1.93,62.63
rainy sounds rain sounds,10,UNSPECIFIED,0,0,0
real rain for sleep,90,LOW,25,0,0
relaxing rain for sleep,260,LOW,25,2.07,69.43
relaxing rain noises for sleep,20,LOW,25,0,0
relaxing rain sleep,110,LOW,25,0,0
relaxing rain to sleep,30,LOW,25,0,0
relaxing sleep sounds rain,8100,LOW,25,2.07,69.43
sleep nature sounds rain,390,LOW,25,2.07,24.11
sleep sounds of rain and thunder,50,MEDIUM,50,2.07,58.82
sleep sounds rain on window,10,LOW,25,0,0
sleep sounds rain sounds,70,LOW,25,2.07,109.06
sleep sounds with rain,50,MEDIUM,50,2.07,58.82
sleeping rainfall,14800,LOW,25,1.83,58.82
soft rain for sleep,9900,LOW,25,2.07,23.56
soft rain noise,320,LOW,25,2.07,30.86
soft rain sleep,140,LOW,25,2.07,30.87
soft rain sleep sounds,50,LOW,25,2.06,2.44
soft rain to sleep,110,LOW,25,2.07,86.78
soft rain to sleep by,210,LOW,25,2.07,69.43
soft rainfall sounds,3600,LOW,25,1.83,69.43
soft sounds of rain,3600,LOW,25,1.83,69.43
soothing rain and thunder,90,LOW,25,2.09,44.58
soothing rain and thunder for sleep,170,HIGH,75,12.54,35.68
soothing rain and thunder sounds,1300,LOW,25,2.22,32.93
soothing rain and thunder sounds for sleep,40,LOW,25,0,0
soothing rain for sleep,210,LOW,25,2.07,86.78
soothing rain noises,50,MEDIUM,50,2.07,2.21
soothing rain sounds for sleep 10 hours,10,UNSPECIFIED,0,0,0
soothing rain sounds to fall asleep to,10,UNSPECIFIED,0,0,0
soothing rain sounds to help you sleep,10,MEDIUM,50,0,0
soothing rain sounds to sleep,10,LOW,25,0,0
soothing rain sounds to sleep by,10,LOW,25,2.07,69.43
soothing rain sounds youtube,10,LOW,25,0,0
soothing rain storm,40,MEDIUM,50,2.06,73.28
soothing rain storm sounds,10,LOW,25,0,0
soothing rain to sleep,10,LOW,25,0,0
soothing rainfall sounds,30,MEDIUM,50,0,0
soothing sounds of rain for sleep,10,LOW,25,0,0
soothing sounds rain and thunder,10,HIGH,75,0,0
sound of heavy rain,12100,LOW,25,2.07,47.25
sound of rain & thunder,10,LOW,25,0,0
sound of rain 10 hours,9900,LOW,25,2.07,37.26
sound of rain and thunder to sleep by,30,MEDIUM,50,1.83,58.82
sound of rain and wind,1900,LOW,25,2.07,24.11
sound of rain at night,390,LOW,25,2.07,69.43
sound of rain calming,40,LOW,25,2.07,2.89
sound of rain falling on a tin roof,40,LOW,25,0,0
sound of rain on a roof,720,LOW,25,2.06,8.62
sound of rain on a tin roof,5400,LOW,25,0,0
sound of rain on roof,720,LOW,25,2.06,8.62
sound of rain on umbrella,10,LOW,25,0,0
sound of rain on youtube,20,LOW,25,2.06,2.16
sound of rain storm,260,LOW,25,2.07,58.82
sound of rain thunder,110000,LOW,25,1.84,33.75
sound of rain to fall asleep,90,LOW,25,2.06,2.89
sound of rain to help me sleep,70,LOW,25,2.07,58.82
sound of rain to make you sleep,20,UNSPECIFIED,0,0,0
sound of rain to sleep 10 hours,70,UNSPECIFIED,0,0,0
sound of rain to sleep bye,10,UNSPECIFIED,0,0,0
sound of rain to sleep on the roof,10,UNSPECIFIED,0,0,0
sound of rain to sleep to,50,MEDIUM,50,2.07,23.14
sound of rain youtube,4400,LOW,25,1.3,2.21
sound of soft rain,3600,LOW,25,1.83,69.43
sound of the rain falling,10,MEDIUM,50,0,0
sound of the rain to sleep,90,MEDIUM,50,0,0
sound rain for sleep,30,LOW,25,0,0
sound rain noise to sleep,10,UNSPECIFIED,0,0,0
sound sleep rain,10,LOW,25,0,0
sounds of calming rain,10,MEDIUM,50,0,0
sounds of heavy rain for sleeping,10,LOW,25,0,0
sounds of rain and thunder to help you sleep,10,UNSPECIFIED,0,0,0
sounds of rain and waves,10,LOW,25,0,0
sounds of rain and wind for sleeping,20,LOW,25,0,0
sounds of rain fall,4400,LOW,25,2.06,62.68
sounds of rain for sleeping dark screen,70,LOW,25,0,0
sounds of rain forest,22200,LOW,25,1.93,47.25
sounds of rain on leaves,140,LOW,25,2.06,2.44
sounds of rain on window,90,LOW,25,0,0
sounds of rain to fall asleep to,30,LOW,25,2.07,2.22
sounds of the rain falling,10,MEDIUM,50,0,0
sounds of the rain for sleeping,90,LOW,25,2.07,16.05
sounds of thunder and rain for sleeping,40,MEDIUM,50,0,0
sounds rain rainstorm sounds,10,UNSPECIFIED,0,0,0
sounds rain sounds,70,LOW,25,0,0
sounds to help you sleep rain,10,MEDIUM,50,0,0
sounds to sleep rain,30,MEDIUM,50,2.07,47.25
summer rain sleep sounds,40,LOW,25,2.07,2.44
the calming sound of rain,10,UNSPECIFIED,0,0,0
the gentle sound of rain,10,LOW,25,0,0
the soothing sound of rain,10,MEDIUM,50,0,0
the sound of gentle rain,30,LOW,25,0,0
the sound of rain falling and thunder,50,LOW,25,2.07,64.58
the sound of rain falling for sleep,10,UNSPECIFIED,0,0,0
the sound of rain falling on a tin roof,10,LOW,25,0,0
the sound of rain for sleep,320,MEDIUM,50,2.07,72.32
the sound of rain hitting a tin roof,10,LOW,25,0,0
the sound of rain is soothing,10,LOW,25,0,0
the sound of rain soothes me,10,LOW,25,0,0
the sound of rain to help you sleep,70,LOW,25,2.06,86.78
the sound of rain to sleep,50,MEDIUM,50,2.07,18.75
the sound of rain to sleep by,90,LOW,25,2.07,79.61
the sound of rain to sleep bye,10,LOW,25,0,0
the sound of rain youtube,20,LOW,25,2.07,2.44
the tranquil sounds of the rain,10,LOW,25,0,0
therapeutic rain sounds,90,LOW,25,2.06,38.57
thunder and rain for sleeping,1000,LOW,25,1.93,47.25
thunder and rain to fall asleep,10,UNSPECIFIED,0,0,0
thunder and rain to sleep by,170,LOW,25,1.85,58.82
thunder rain for sleep,170,LOW,25,1.81,58.82
thunder sleep sounds rain,10,UNSPECIFIED,0,0,0
thunder sounds with rain,110,MEDIUM,50,2.07,58.82
thunderstorm and heavy rain sounds,480,LOW,25,1.81,47.25
thunderstorm and rain for sleep,1000,LOW,25,1.93,47.25
thunderstorm and rain sleep,2400,LOW,25,2.06,24.11
thunderstorm and rain sleep sounds,170,LOW,25,1.81,58.82
thunderstorm rain sleep,480,LOW,25,2.06,47.25
thunderstorm rain sleep sounds,14800,LOW,25,2.07,24.11
waves and rain for sleep,30,LOW,25,0,0
waves rain sleep,10,HIGH,75,0,0
white noise rain for sleep,590,LOW,25,2.07,86.78
white noise rain gentle night rain,10,UNSPECIFIED,0,0,0
white noise rain sleep,390,LOW,25,2.07,28.24
white sound rain,90,LOW,25,2.07,86.78
wind and rain for sleep,140,LOW,25,2.07,16.39
wind and rain sleep sounds,2900,LOW,25,2.07,23.14
wind rain sleep sounds,20,LOW,25,0,0
you tube rain sleep,720,LOW,25,2.07,2.21
youtube nature sounds rain,10,LOW,25,0,0
youtube rain sleep sounds,1000,LOW,25,2.06,2.22
youtube rainfall sounds,4400,LOW,25,1.3,2.21
youtube soothing rain sounds,30,LOW,25,2.07,2.21