"Keyword","Country","Language","Domain","Position","Search Engine","1D","7D","30D"
"brown noise app offline","US","en","https://www.calmasounds.com/brown-noise-app","14","google","NA","NA","NA"
"nature sounds app offline","US","en","https://www.calmasounds.com/nature-sounds-app","16","google","NA","NA","NA"
"sleep sounds app no subscription","US","en","https://www.calmasounds.com/","33","google","NA","NA","NA"
"tinnitus masking app","US","en","https://www.calmasounds.com/tinnitus-sounds-app","33","google","NA","NA","NA"
"green noise app offline","US","en","https://www.calmasounds.com/nature-sounds-app","34","google","NA","NA","NA"
"free sleep sounds app no subscription","US","en","https://www.calmasounds.com/","45","google","NA","NA","NA"
"pink noise app offline","US","en","https://www.calmasounds.com/","48","google","NA","NA","NA"
"sleep sounds offline","US","en","NA","","google","NA","NA","NA"
"green noise app for sleep","US","en","NA","","google","NA","NA","NA"
"brown noise app for focus","US","en","NA","","google","NA","NA","NA"