"Keyword","VolumeFromExport","TargetURL","Priority","ProposedAction","SourceFiles"
"brown noise app","880","/brown-noise-app","P1","Uzupełnić konkretny opis brown noise, miksowanie i offline","keywords-sleep sounds app-US.csv"
"brown noise for sleep app","590","/brown-noise-app","P1","Sekcja zastosowania przy wieczornej rutynie","keywords-sleep sounds app-US.csv"
"free brown noise app","170","/brown-noise-app","P1","Wyjaśnić darmowy zakres i opcjonalne PRO","keywords-sleep sounds app-US.csv"
"white noise app","9900","/white-noise-app","P1","Unikalne wprowadzenie i korzyści produktu","keywords-sleep sounds app-US.csv"
"white noise app free","3600","/white-noise-app","P1","Wyjaśnić darmowy zakres","keywords-sleep sounds app-US.csv"
"white noise app iphone","1000","/white-noise-app","P1","Dostępność iOS i CTA App Store","keywords-sleep sounds app-US.csv"
"white noise app android","320","/white-noise-app","P1","Dostępność Android i CTA Google Play","keywords-sleep sounds app-US.csv"
"offline white noise app","20","/white-noise-app","P1","Opisać faktyczne działanie offline","keywords-sleep sounds app-US.csv"
"free sleep sounds app","1000","/sleep-sounds-app","P1","Doprecyzować darmowy tier i możliwości miksowania","keywords-sleep sounds app-US.csv"
"sleep sounds app android","210","/sleep-sounds-app","P1","Dostępność Android na istniejącym landingu","keywords-sleep sounds app-US.csv"
"sleep sounds app for iphone","90","/sleep-sounds-app","P1","Dostępność iOS na istniejącym landingu","keywords-sleep sounds app-US.csv"
"free sleep sounds app no subscription","30","/sleep-sounds-app","P1","Wyjaśnić brak obowiązkowej subskrypcji; porównać inne własne URL-e w GSC","keywords-sleep sounds app-US.csv"
"app for nature sounds","390","/nature-sounds-app","P2","Wzmocnić trafne linki i konkretne opisy dźwięków","keywords-sleep sounds app-US.csv"
"sound machine app","880","/sound-mixer-app","P2","Sekcja telefonu jako sound machine; bez tworzenia nowego URL-a na start","keywords-sleep sounds app-US.csv"
"sound machine app free","720","/sound-mixer-app","P2","Opis darmowego miksowania i sleep timera","keywords-sleep sounds app-US.csv"
"rain sounds app","1000","/rain-sounds-app","P1_NEW","Nowy landing produktowy i linki z poradników o deszczu","keywords-rain noise for sleep-US.csv | keywords-sleep sounds app-US.csv"
"rain sounds for sleep app","210","/rain-sounds-app","P1_NEW","Sekcja deszczu, regulacji warstw i timera","keywords-rain noise for sleep-US.csv | keywords-sleep sounds app-US.csv"
"pink noise app","1000","/pink-noise-app","P2_NEW","Nowy landing po rain i poprawkach istniejących stron","keywords-sleep sounds app-US.csv"
"pink noise app for sleep","260","/pink-noise-app","P2_NEW","Sekcja zastosowania i miksowania pink noise","keywords-sleep sounds app-US.csv"
"green noise sleep app","170","/nature-sounds-app","P3","Na razie sekcja i link do poradnika; osobny landing później","keywords-sleep sounds app-US.csv"
"gentle rain sleep sounds","18100","/blog/rain-sounds-for-better-sleep-and-focus","P2_CONTENT","Istniejący poradnik i link do rain landingu po publikacji","keywords-rain noise for sleep-US.csv | keywords-sleep sounds app-US.csv | keywords-sleepsounds-US.csv | keywords-sound of rainfall to sleep-US.csv"
