URL,Ostatnie zindeksowanie,Stan
https://www.calmasounds.com/pl/download,2026-06-05,Niepowodzenie
https://www.calmasounds.com/ja/download,2026-06-05,Niepowodzenie
https://www.calmasounds.com/es/download,2026-06-05,Niepowodzenie
https://www.calmasounds.com/fr/download,2026-06-05,Niepowodzenie
https://www.calmasounds.com/de/download,2026-06-05,Niepowodzenie
https://www.calmasounds.com/download,2026-06-05,Niepowodzenie
https://www.calmasounds.com/ko/download,2026-06-05,Niepowodzenie
https://calmasounds.com/,2026-05-30,Niepowodzenie
http://www.calmasounds.com/,2026-05-08,Niepowodzenie
http://calmasounds.com/,2026-05-07,Niepowodzenie