URL,Ostatnie zindeksowanie
https://www.calmasounds.com/blog/green-noise-for-sleep,2026-06-30
https://www.calmasounds.com/white_noise.m4a,2026-06-25
https://www.calmasounds.com/pl/blog/binaural-beats-for-sleep-and-focus,2026-06-25
https://www.calmasounds.com/brown_noise.m4a,2026-06-23
https://www.calmasounds.com/favicon.ico,2026-06-23
https://www.calmasounds.com/pink_noise.m4a,2026-06-23
https://www.calmasounds.com/pl,2026-06-22
https://www.calmasounds.com/ja/blog/best-color-noise-for-adhd,2026-06-20
https://www.calmasounds.com/rain.m4a,2026-06-17
https://www.calmasounds.com/calma-vs-calm,2026-06-16
https://www.calmasounds.com/es,2026-06-12
https://www.calmasounds.com/pl/blog/brown-noise-vs-white-noise-vs-pink-noise,2026-05-13
https://www.calmasounds.com/pt-BR/focus-sounds-app,2026-05-12
https://www.calmasounds.com/ja/blog/brown-noise-vs-white-noise-vs-pink-noise,2026-05-12
https://www.calmasounds.com/de/baby-sleep-sounds-app,2026-05-12
https://www.calmasounds.com/de/blog/how-to-build-a-bedtime-routine,2026-05-12
https://www.calmasounds.com/pl/white-noise-app,2026-05-12
https://www.calmasounds.com/ja/blog/guided-breathing-techniques,2026-05-12
https://www.calmasounds.com/ja/blog/rain-sounds-for-better-sleep-and-focus,2026-05-11
https://www.calmasounds.com/pt-BR/blog/best-sounds-for-sleep,2026-05-11
https://www.calmasounds.com/pl/sound-mixer-app,2026-05-11
https://www.calmasounds.com/fr/blog/rain-sounds-for-better-sleep-and-focus,2026-05-11
https://www.calmasounds.com/es/blog/brown-noise-vs-white-noise-vs-pink-noise,2026-05-11
https://www.calmasounds.com/pt-BR/terms-of-service,2026-05-11
https://www.calmasounds.com/pl/terms-of-service,2026-05-11
https://www.calmasounds.com/pt-BR/blog,2026-05-10
https://www.calmasounds.com/es/relaxing-sounds,2026-05-10
https://www.calmasounds.com/fr/relaxing-sounds,2026-05-10
https://www.calmasounds.com/de/white-noise-app,2026-05-10
https://www.calmasounds.com/ko/terms-of-service,2026-05-10
https://www.calmasounds.com/pl/blog,2026-05-10
https://www.calmasounds.com/pl/sleep-sounds-app,2026-05-10
https://www.calmasounds.com/ja/blog/best-sounds-for-sleep,2026-05-10
https://www.calmasounds.com/de/blog,2026-05-10
https://www.calmasounds.com/ja/focus-sounds-app,2026-05-10
https://www.calmasounds.com/fr/blog/benefits-of-nature-sounds-for-relaxation,2026-05-10
https://www.calmasounds.com/ja/sleep-sounds-app,2026-05-09
https://www.calmasounds.com/es/white-noise-app,2026-05-09
https://www.calmasounds.com/de/blog/brown-noise-vs-white-noise-vs-pink-noise,2026-05-09
https://www.calmasounds.com/es/nature-sounds-app,2026-05-09
https://www.calmasounds.com/fr/brown-noise-app,2026-05-09
https://www.calmasounds.com/ja/blog/rain-sounds-vs-white-noise,2026-05-09
https://www.calmasounds.com/fr/blog/white-noise-for-sleep,2026-05-09
https://www.calmasounds.com/pl/blog/white-noise-for-sleep,2026-05-09
https://www.calmasounds.com/ja/blog/how-to-build-a-bedtime-routine,2026-05-09
https://www.calmasounds.com/es/blog/guided-breathing-techniques,2026-05-09
https://www.calmasounds.com/pt-BR/blog/rain-sounds-for-better-sleep-and-focus,2026-05-09
https://www.calmasounds.com/pl/support,2026-05-09
https://www.calmasounds.com/pt-BR/privacy-policy,2026-05-09
https://www.calmasounds.com/fr/blog/rain-sounds-vs-white-noise,2026-05-08
https://www.calmasounds.com/ja/sound-mixer-app,2026-05-08
https://www.calmasounds.com/es/support,2026-05-08
https://www.calmasounds.com/es/blog/how-to-build-a-bedtime-routine,2026-05-08
https://www.calmasounds.com/pl/blog/best-color-noise-for-adhd,2026-05-08
https://www.calmasounds.com/es/blog/best-sounds-for-sleep,2026-05-08
https://www.calmasounds.com/pt-BR/blog/best-color-noise-for-adhd,2026-05-08
https://www.calmasounds.com/pl/blog/best-sounds-for-sleep,2026-05-08
https://www.calmasounds.com/de/blog/green-noise-for-sleep,2026-05-08
https://www.calmasounds.com/es/bio,2026-05-08
https://www.calmasounds.com/de/blog/white-noise-for-sleep,2026-05-07
https://www.calmasounds.com/es/baby-sleep-sounds-app,2026-05-07
https://www.calmasounds.com/fr/blog/best-sounds-for-studying,2026-05-07
https://www.calmasounds.com/pl/blog/rain-sounds-vs-white-noise,2026-05-07
https://www.calmasounds.com/pl/relaxing-sounds,2026-05-07
https://www.calmasounds.com/es/privacy-policy,2026-05-07
https://www.calmasounds.com/pl/focus-sounds-app,2026-05-07
https://www.calmasounds.com/es/sound-mixer-app,2026-05-07
https://www.calmasounds.com/pt-BR/sound-mixer-app,2026-05-07
https://www.calmasounds.com/es/blog/benefits-of-nature-sounds-for-relaxation,2026-05-07
https://www.calmasounds.com/fr/focus-sounds-app,2026-05-07
https://www.calmasounds.com/de/blog/benefits-of-nature-sounds-for-relaxation,2026-05-07
https://www.calmasounds.com/de/blog/best-sounds-for-studying,2026-05-07
https://www.calmasounds.com/de/blog/best-free-white-noise-app,2026-05-07
https://www.calmasounds.com/pt-BR/blog/white-noise-for-sleep,2026-05-07
https://www.calmasounds.com/es/blog/best-sounds-for-studying,2026-05-07
https://www.calmasounds.com/ja/white-noise-app,2026-05-07
https://www.calmasounds.com/ko/blog/best-free-white-noise-app,2026-05-07
https://www.calmasounds.com/es/blog/best-free-white-noise-app,2026-05-07
https://www.calmasounds.com/es/blog,2026-05-07
https://www.calmasounds.com/fr/blog/best-sounds-for-sleep,2026-05-07
https://www.calmasounds.com/fr/blog,2026-05-07
https://www.calmasounds.com/pt-BR/relaxing-sounds,2026-05-07
https://www.calmasounds.com/de/blog/rain-sounds-for-better-sleep-and-focus,2026-05-06
https://www.calmasounds.com/pl/baby-sleep-sounds-app,2026-05-06
https://www.calmasounds.com/ja/blog,2026-05-06
https://www.calmasounds.com/es/blog/white-noise-for-sleep,2026-05-06
https://www.calmasounds.com/pl/blog/benefits-of-nature-sounds-for-relaxation,2026-05-06
https://www.calmasounds.com/de/blog/best-sounds-for-sleep,2026-05-06
https://www.calmasounds.com/de/sleep-sounds-app,2026-05-06
https://www.calmasounds.com/pl/blog/how-to-build-a-bedtime-routine,2026-05-06
https://www.calmasounds.com/es/focus-sounds-app,2026-05-01
https://www.calmasounds.com/de/privacy-policy,2026-05-01
https://www.calmasounds.com/fr/blog/binaural-beats-for-sleep-and-focus,2026-05-01
https://www.calmasounds.com/fr/sound-mixer-app,2026-04-30
https://www.calmasounds.com/es/blog/rain-sounds-for-better-sleep-and-focus,2026-04-30
https://www.calmasounds.com/blog/benefits-of-nature-sounds-for-relaxation,2026-04-30
https://www.calmasounds.com/es/blog/binaural-beats-for-sleep-and-focus,2026-04-30
https://www.calmasounds.com/de/blog/binaural-beats-for-sleep-and-focus,2026-04-30
https://www.calmasounds.com/es/blog/green-noise-for-sleep,2026-04-30
https://www.calmasounds.com/pt-BR/baby-sleep-sounds-app,2026-04-30
https://www.calmasounds.com/es/blog/rain-sounds-vs-white-noise,2026-04-30
https://www.calmasounds.com/pt-BR/blog/how-to-build-a-bedtime-routine,2026-04-30
https://www.calmasounds.com/ja/blog/benefits-of-nature-sounds-for-relaxation,2026-04-29
https://www.calmasounds.com/pl/privacy-policy,2026-04-28