Najczęstsze zapytania,Ostatnich 28 dni Kliknięcia,Poprzednich 28 dni Kliknięcia,Ostatnich 28 dni Wyświetlenia,Poprzednich 28 dni Wyświetlenia,Ostatnich 28 dni CTR,Poprzednich 28 dni CTR,Ostatnich 28 dni Pozycja,Poprzednich 28 dni Pozycja
calm mixer,0,0,10,2,0%,0%,16,51
noise mixer,0,0,2,0,0%,0%,20,0
is there a free one?,0,0,1,0,0%,0%,1,0
thunderstorm sleep sounds app,0,0,1,0,0%,0%,3,0
ambient mixer,0,0,1,0,0%,0%,8,0
sound mach,0,0,1,0,0%,0%,30,0
sounds mixer,0,0,0,8,0%,0%,0,43.12
mobile and web,0,0,0,1,0%,0%,0,1
sound mixer app,0,0,0,1,0%,0%,0,19
noise maker apps,0,0,0,1,0%,0%,0,32
free sound apps,0,0,0,1,0%,0%,0,35