Najczęstsze zapytania,Kliknięcia,Wyświetlenia,CTR,Pozycja
is rain considered white noise,0,138,0%,8.98
sleep sounds app,0,30,0%,26.53
white noise app,0,26,0%,32.58
is rain white noise,0,24,0%,8.38
aplikacja z dźwiękami,0,23,0%,7.48
is rain sounds considered white noise,0,16,0%,10.81
free sleep sounds app,0,16,0%,25.25
brown noise app,0,16,0%,25.62
is rain a white noise,0,15,0%,7.13
is the sound of rain considered white noise,0,15,0%,7.67
free white noise app for sleeping,0,13,0%,27.31
what is white noise,0,13,0%,91.46
sleep noise app,0,12,0%,26.17
white noise app free,0,10,0%,31.7
nature sounds app,0,8,0%,19.62
white noise sleep app,0,8,0%,32.75
whitenoise app,0,8,0%,38.12
is white noise good for sleep,0,8,0%,80.38
best free white noise app,0,7,0%,48
is rain white or pink noise,0,6,0%,10.33
tinnitus sounds,0,6,0%,52.67
is rain pink noise,0,5,0%,11.4
best sleep sound,0,5,0%,50.2
best sounds to sleep to,0,5,0%,63.8
pink noise vs white noise,0,5,0%,74.2
is rain sound white noise,0,4,0%,8
is rain a type of white noise,0,4,0%,8.25
are rain sounds considered white noise,0,4,0%,10.25
brown noise sleep app,0,4,0%,23.5
what sound makes you sleep,0,4,0%,43.25
best sound to sleep,0,4,0%,54
does white noise help you sleep,0,4,0%,91.25
is rain the same as white noise,0,3,0%,8.67
is rain sound considered white noise,0,3,0%,11
tinnitus masking sounds,0,3,0%,20.33
best sounds for tinnitus,0,3,0%,23
pink brown noise,0,3,0%,29
sleep noise app free,0,3,0%,29
good sounds to sleep to,0,3,0%,37
best noises for sleep,0,3,0%,68
brown noise vs white noise,0,3,0%,71
white noise vs pink noise,0,3,0%,73.67
is rain considered white noise?,0,2,0%,8
is rainfall considered white noise,0,2,0%,8
white noise app for sleep,0,2,0%,8
can rain be considered white noise,0,2,0%,8.5
is rain white noise yes or no,0,2,0%,10
is white noise rain,0,2,0%,11
ホワイトノイズ アプリ 無料,0,2,0%,11.5
can rain be white noise,0,2,0%,13
ノイズ アプリ,0,2,0%,19
noise cancelling sounds for studying,0,2,0%,19.5
sounds for tinnitus,0,2,0%,21
white and pink noise,0,2,0%,25.5
sleeping sounds app,0,2,0%,26
sleep sound apps,0,2,0%,27.5
best free sleep noise app,0,2,0%,29
sleep sounds apps,0,2,0%,30
tinnitus masker app,0,2,0%,34.5
tinnitus sound therapy,0,2,0%,46.5
best sleep sounds,0,2,0%,52.5
how to create a bedtime routine,0,2,0%,52.5
best noise to sleep to,0,2,0%,59
what noises help you sleep,0,2,0%,68
what noise is best for sleep,0,2,0%,85.5
why does white noise help sleep,0,2,0%,88.5
why does white noise help you sleep,0,2,0%,94.5
is raining white noise,0,1,0%,1
noise app,0,1,0%,1
звуки для сна,0,1,0%,1
как выглядит это приложение,0,1,0%,1
под что засыпать,0,1,0%,1
is rain noise considered white noise,0,1,0%,2
寝言,0,1,0%,2
how many days since it rained,0,1,0%,3
audio calma,0,1,0%,4
is rain classified as white noise,0,1,0%,5
is rain technically white noise,0,1,0%,5
white noise rain,0,1,0%,7
would rain be considered white noise,0,1,0%,7
is rain a form of white noise,0,1,0%,9
what noise is rain considered,0,1,0%,10
is rain considered white nouse,0,1,0%,11
is the rain considered white noise,0,1,0%,11
para que sirve el ruido verde,0,1,0%,11
is rain sound a white noise,0,1,0%,12
what kind of noise is rain considered,0,1,0%,12
brown vs white noise,0,1,0%,15
calm vs bettersleep,0,1,0%,15
difference between white noise and brown noise,0,1,0%,16
is the rain white noise,0,1,0%,16
tinnitus relief sounds,0,1,0%,16
brown noise and adhd,0,1,0%,17
sounds for studying,0,1,0%,17
free calming sounds for sleep,0,1,0%,18
sounds for tinnitus treatment,0,1,0%,18
ホワイトノイズ アプリ,0,1,0%,19
best noise for focusing,0,1,0%,25
app weißes rauschen,0,1,0%,26
백색소음 앱,0,1,0%,27
pink noise adhd,0,1,0%,28
best noise for adhd focus,0,1,0%,29
best sleep sounds app free,0,1,0%,29
brown and pink noise,0,1,0%,30
sleep sound app,0,1,0%,30
sounds to help you sleep,0,1,0%,39
tinnitus masking sounds free download,0,1,0%,39
como dormir con ruido,0,1,0%,43
white noise machine app,0,1,0%,44
best sound to sleep to,0,1,0%,52
white noise vs brown noise,0,1,0%,64
best sound for sleep,0,1,0%,68
relaxing sounds website,0,1,0%,72
white noise mean,0,1,0%,72
브라운노이즈,0,1,0%,74
best noise for sleep,0,1,0%,77
white noise brown noise pink noise,0,1,0%,84
how does white noise help you sleep,0,1,0%,85
what sounds help you sleep,0,1,0%,90